INSERT INTO user_profile (id, birthdate, email, first_name, is_active, last_name, password, user_name, user_status) VALUES (1,'1990-12-12','meriybaba@gmail.com','Meron',0,'admin','admin','admin','Active');
INSERT INTO user_profile (id, birthdate, email, first_name, is_active, last_name, password, user_name, user_status) VALUES (8,'1990-12-12','selam@gmail.com','selam',0,'selam','$2a$10$VuEAYPHHgbdAKyyWjuHTnegWHHiULOFxRkmHTm3BIweAnjOCmraGq','selam','Active');
INSERT INTO user_profile (id, birthdate, email, first_name, is_active, last_name, password, user_name, user_status) VALUES (10,'1999-09-09','amha@gmail.cm','aman',0,'aman','$2a$10$U.hHIGTDSqg7A2u2kapguekIDP3vUgMZY8bxHlLnGBiQqieNThuGq','aman','Active');
INSERT INTO user_profile (id, birthdate, email, first_name, is_active, last_name, password, user_name, user_status) VALUES (11,'1990-02-07','renuka@mum.edu','Renuka',0,'Renuka','$2a$10$R799UMnY2YVZnHFddJMbhOxR6HcBLiDZoTsZvKspHrIPm6ORsZBZe','renuka','Active');
INSERT INTO user_profile (id, birthdate, email, first_name, is_active, last_name, password, user_name, user_status) VALUES (12,'1990-12-12','salek@gmail.com','Payman',0,'Salek','salek','salek',NULL);
INSERT INTO user_profile (id, birthdate, email, first_name, is_active, last_name, password, user_name, user_status) VALUES (13,'1999-09-09','tina@gmail.cm','Tina',0,'Chung','tinaa','tinaa',NULL);
INSERT INTO user_profile (id, birthdate, email, first_name, is_active, last_name, password, user_name, user_status) VALUES (14,'1950-10-02','murdula@mum.edu','Murdula',0,'Murdula','$2a$10$f.2UdF08d3DXIlQHsJWKJOcbsbN.xb7pqTarWBKp9HoEVjPhfhoHe','murdula','Active');
INSERT INTO user_profile (id, birthdate, email, first_name, is_active, last_name, password, user_name, user_status) VALUES (15,'1950-10-02','brune@mum.edu','Brune',0,'Brune','$2a$10$WlGtVq/w8dwbgQjuS/1r1uxoKxmvaqfLxmSvPYiUEqGXGQajPVp5W','brune','Active');
INSERT INTO user_profile (id, birthdate, email, first_name, is_active, last_name, password, user_name, user_status) VALUES (17,'1950-10-02','assaad@mum.edu','Assaad',0,'Assaad','$2a$10$/TFbW3PF.sAYMjQjegeaHOJ/bPgUhfEDXeFuC3NuP8rH3wzyEd4Qm','assaad','Active');
INSERT INTO user_profile (id, birthdate, email, first_name, is_active, last_name, password, user_name, user_status) VALUES (19,'1960-10-03','loo@mum.edu','Habete',0,'Chung','$2a$10$0gATt1asVpVvI2QpR/dB.eG8S55mF.L8x7w8q1AZVrRWmx92j/WSS','habete','Active');
INSERT INTO user_profile (id, birthdate, email, first_name, is_active, last_name, password, user_name, user_status) VALUES (20,'1950-10-02','brune@mum.edu','Brune',0,'Brune','$2a$10$Of2LeD5/T2vAvwKDjZPjrOtb2Mh62MKqTI5WY3yNLs2uFVBdj0kAK','brune1','Active');
INSERT INTO user_profile (id, birthdate, email, first_name, is_active, last_name, password, user_name, user_status) VALUES (21,'1990-12-12','selam@gmail.com','Promila',0,'Sakiiolo','$2a$10$k2w0WWSpfLLaLVvxQgY.Ke8Qvp5KrDYCo1qxGiJKjVqrd6kh.oVlW','promila',NULL);
INSERT INTO user_profile (id, birthdate, email, first_name, is_active, last_name, password, user_name, user_status) VALUES (22,'1999-09-09','amha@gmail.cm','Rakaish',0,'Rakish','$2a$10$wuKSDnskLqyO6xDxWI6ZpeWGe/3cJkLvr9C5onvdiH.G5Gcio/GHG','aman',NULL);
INSERT INTO user_profile (id, birthdate, email, first_name, is_active, last_name, password, user_name, user_status) VALUES (23,'1945-10-26','mainLee@mum.edu','MainLee',0,'Leeeeeee','$2a$10$Tugd6udIg3OQjq22o08HPOlACBsNUW95ieEYEyxnsoJiL90gcPD1i','mainLee','Active');
INSERT INTO user_profile (id, birthdate, email, first_name, is_active, last_name, password, user_name, user_status) VALUES (24,'1990-02-07','renuka@mum.edu','Renuka',0,'Renuka','$2a$10$IsYaAqYuF/nMyNq7zkV2Wef0n51xLcTgpmUk4bqMoF7GZ4kCF3802','renuka',NULL);
INSERT INTO user_profile (id, birthdate, email, first_name, is_active, last_name, password, user_name, user_status) VALUES (25,'1950-10-02','brune@mum.edu','Brune',0,'Brune','$2a$10$RRkiFBk76Y1ZKw4MKuSLZeSOXx3OvBkcAbZmmv/VZ0Mj//rDxShEy','brune',NULL);
INSERT INTO user_profile (id, birthdate, email, first_name, is_active, last_name, password, user_name, user_status) VALUES (26,'1960-10-03','loo@mum.edu','Habete',0,'Chung','$2a$10$ll3RbKxAydQJzJgoFMz.4O90b8p6MutPZur.sX9ulLkFUmhpx9IHq','habete',NULL);
INSERT INTO user_profile (id, birthdate, email, first_name, is_active, last_name, password, user_name, user_status) VALUES (27,'2017-10-09','obina@mum.edu','Obinamakito',0,'makitoma','$2a$10$XN6hpL9fdArbbac8QEv7nelbQVmxtmECbl8bcjAaGu2ylAhoKrThm','obina',NULL);
INSERT INTO user_profile (id, birthdate, email, first_name, is_active, last_name, password, user_name, user_status) VALUES (28,'2017-10-30','payman@mum.edu','Payman',0,'saleke','$2a$10$mmQITMbHPSNA6LKH9N.6nO8Z59e9KbfCT.oIz/W9sdQGvIgMNDyqu','payman','Active');
INSERT INTO user_profile (id, birthdate, email, first_name, is_active, last_name, password, user_name, user_status) VALUES (29,'2017-10-09','obina@mum.edu','Obinamakito',0,'makitoma','$2a$10$VRsgRaUvu/fsI3J1I9puHODUJgyOXZZnnREfaH4zSBiXuIX3P/6mG','obina',NULL);
INSERT INTO user_profile (id, birthdate, email, first_name, is_active, last_name, password, user_name, user_status) VALUES (30,'1945-10-26','mainLee@mum.edu','MainLee',0,'Leeeeeee','$2a$10$Yrw54zSo45aLi50Rj9Ibueoy1iWCsRMGvT9ccjfWsOvnrz5ZI/oFC','mainLee',NULL);
INSERT INTO user_profile (id, birthdate, email, first_name, is_active, last_name, password, user_name, user_status) VALUES (31,'1950-10-02','brune@mum.edu','Brune',0,'Brune','$2a$10$1VfDQSSd1wPzEy4baf78Qev/MHDpUpTFHjgwjh9PRBaEmKOSwIGo6','brune1',NULL);
INSERT INTO user_profile (id, birthdate, email, first_name, is_active, last_name, password, user_name, user_status) VALUES (32,'2017-10-04','lester@mum.edu','Lester',0,'lester','$2a$10$AbqtZ1TyKypilCmIqwTCX.aG7RGc4G5f4YptsK2kq5KQ9zGwoXXhq','lester','Active');
INSERT INTO user_profile (id, birthdate, email, first_name, is_active, last_name, password, user_name, user_status) VALUES (33,'2017-10-10','lerman@mum.edu','Lerman',0,'Lerman','$2a$10$1RzKJ2o5wdK9l6Fcn.N21uxXSCnn0mT14Tct//zrtz3qNZT4SUx1G','lerman','Active');
INSERT INTO user_profile (id, birthdate, email, first_name, is_active, last_name, password, user_name, user_status) VALUES (34,'1950-10-02','levie@mum.edu','Levie',0,'Levie','$2a$10$z7R8heG7QX5.dp99D6DCkOuFNqvBdKY/9XYRqeC/bqT5FADTqUXPq','levie','Active');
INSERT INTO user_profile (id, birthdate, email, first_name, is_active, last_name, password, user_name, user_status) VALUES (35,'2017-10-10','tina@gmail.cm','TinaLee',0,'Chung','$2a$10$9ADRNyaP1DKAbJLmhpO54ud72cfm5qwj.fx0q.8830ynxd40EQ85q','tinaa','Active');
INSERT INTO user_profile (id, birthdate, email, first_name, is_active, last_name, password, user_name, user_status) VALUES (36,'1945-10-26','mainLee@mum.edu','MainLee',0,'Leeeeeee','$2a$10$5gTPw/l0sXAYUs9ca21HHuOxgFpoq8HrwySH0wzXiwKWqgPgZAkV6','mainLee',NULL);
INSERT INTO user_profile (id, birthdate, email, first_name, is_active, last_name, password, user_name, user_status) VALUES (37,'2017-10-09','obina@mum.edu','Obinamakito',0,'makitoma','$2a$10$/TWwhDhUkvffVBjgGVBQRObnS7gRSUikpMndApVY5njckxSKQcIxu','obina',NULL);
INSERT INTO user_profile (id, birthdate, email, first_name, is_active, last_name, password, user_name, user_status) VALUES (38,'1950-10-02','levie@mum.edu','Levie',0,'Levie','$2a$10$a19zFVXFen/5mzpVFqrklOg50gpryat.zSHssdV/fycwx44iU2U/6','levie',NULL);
INSERT INTO user_profile (id, birthdate, email, first_name, is_active, last_name, password, user_name, user_status) VALUES (39,'1990-12-12','selam@gmail.com','Promila',0,'Sakiiolo','$2a$10$ycWcQbJKBvU3sjmBLKtU5.XIID3C/vGmt0FQGN9kL/Hw4q8UzSEbO','promila',NULL);


INSERT INTO role (id, description, role) VALUES (1,'Admin','Admin');
INSERT INTO role (id, description, role) VALUES (2,'Faculty','Faculty');
INSERT INTO role (id, description, role) VALUES (3,'Student','Student');

INSERT INTO faculty (id, is_availability, user_profile_id) VALUES (7,1,8);
INSERT INTO faculty (id, is_availability, user_profile_id) VALUES (9,1,10);

INSERT INTO user_profile_roles (user_profile_id, roles_id) VALUES (1,1);
INSERT INTO user_profile_roles (user_profile_id, roles_id) VALUES (10,2);

INSERT INTO specialization (id, specalization) VALUES (1,'SWE Design');
INSERT INTO specialization (id, specalization) VALUES (2,'Compiler');
INSERT INTO specialization (id, specalization) VALUES (3,'DB');



INSERT INTO faculty_specializations (faculty_id, specializations_id) VALUES (9,1);

INSERT INTO entry (id, entry_month, num_of_fpp, num_of_mpp, num_ofusstudents, num_of_fpp_opt, num_of_mpp_opt) VALUES (1,'October',50,50,100,0,0);
INSERT INTO entry (id, entry_month, num_of_fpp, num_of_mpp, num_ofusstudents, num_of_fpp_opt, num_of_mpp_opt) VALUES (2,'February',50,50,100,0,0);
INSERT INTO entry (id, entry_month, num_of_fpp, num_of_mpp, num_ofusstudents, num_of_fpp_opt, num_of_mpp_opt) VALUES (3,'August',50,50,100,0,0);

INSERT INTO block (id, block_end_date, block_month, block_start_date, entry_id, block_order, num_of_students) VALUES (3,'2017-11-30','November','2017-11-01',1,0,100);
INSERT INTO block (id, block_end_date, block_month, block_start_date, entry_id, block_order, num_of_students) VALUES (4,'2017-01-30','December','2017-01-01',1,1,100);
INSERT INTO block (id, block_end_date, block_month, block_start_date, entry_id, block_order, num_of_students) VALUES (5,'2017-01-30','January','2017-01-01',1,2,100);
INSERT INTO block (id, block_end_date, block_month, block_start_date, entry_id, block_order, num_of_students) VALUES (6,'2017-01-30','Feburary','2017-01-01',1,3,100);
INSERT INTO block (id, block_end_date, block_month, block_start_date, entry_id, block_order, num_of_students) VALUES (7,'2017-01-30','March','2017-01-01',1,4,100);
INSERT INTO block (id, block_end_date, block_month, block_start_date, entry_id, block_order, num_of_students) VALUES (8,'2017-01-30','April','2017-01-01',1,5,100);
INSERT INTO block (id, block_end_date, block_month, block_start_date, entry_id, block_order, num_of_students) VALUES (9,'2017-01-30','May','2017-01-01',1,6,100);

-- INSERT INTO schedule (id,generated_date,status,entry_id)VALUES(1,'1999-09-09 00:00:00','OK',1);
-- 
INSERT   INTO course VALUES (1,395,'fundamental programming practices','FPP',1);
INSERT   INTO course VALUES (2,401,'Modern programming practices','MPP',1);
INSERT   INTO course VALUES (3,475,'Web application programming ','WAP',1);
INSERT   INTO course VALUES (4,504,'Alogorithm','Algorithm',1);
INSERT   INTO course VALUES (5,300,'Science of Creative Intelligence','SCI',0);
INSERT   INTO course VALUES (6,572,'Modern Web Application','MWA',0);
INSERT   INTO course VALUES (7,522,'Big Data','BIGData',0);
INSERT   INTO course VALUES (8,544,'Enterprise Architecture','EA',0);
INSERT   INTO course VALUES (9,425,'Software Engineering','SWE',1);
INSERT   INTO course VALUES (10,525,'Advanced Software Development','ASD',0);
INSERT   INTO course VALUES (11,545,'Web Application Architecture','WAA',0);


INSERT   INTO course_pre_req_course VALUES (2,1);
INSERT   INTO course_pre_req_course VALUES (3,2);
INSERT   INTO course_pre_req_course VALUES (4,2);
INSERT   INTO course_pre_req_course VALUES (6,2);
INSERT   INTO course_pre_req_course VALUES (6,3);
INSERT   INTO course_pre_req_course VALUES (7,2);
INSERT   INTO course_pre_req_course VALUES (7,4);
INSERT   INTO course_pre_req_course VALUES (8,2);
INSERT   INTO course_pre_req_course VALUES (8,3);
INSERT   INTO course_pre_req_course VALUES (9,2);
INSERT   INTO course_pre_req_course VALUES (10,2);
INSERT   INTO course_pre_req_course VALUES (11,2);
INSERT   INTO course_pre_req_course VALUES (11,3);



INSERT INTO course_course_area (course_id, course_area_id) VALUES (1,1);
INSERT INTO course_course_area (course_id, course_area_id) VALUES (3,3);




INSERT INTO faculty (id, is_availability, user_profile_id) VALUES (10,'\0',24);
INSERT INTO faculty (id, is_availability, user_profile_id) VALUES (11,'\0',14);
INSERT INTO faculty (id, is_availability, user_profile_id) VALUES (12,'\0',25);
INSERT INTO faculty (id, is_availability, user_profile_id) VALUES (14,'\0',17);
INSERT INTO faculty (id, is_availability, user_profile_id) VALUES (16,'\0',26);
INSERT INTO faculty (id, is_availability, user_profile_id) VALUES (17,'\0',31);
INSERT INTO faculty (id, is_availability, user_profile_id) VALUES (18,'\0',36);
INSERT INTO faculty (id, is_availability, user_profile_id) VALUES (19,'\0',37);
INSERT INTO faculty (id, is_availability, user_profile_id) VALUES (20,'\0',28);
INSERT INTO faculty (id, is_availability, user_profile_id) VALUES (21,'\0',32);
INSERT INTO faculty (id, is_availability, user_profile_id) VALUES (22,'\0',33);
INSERT INTO faculty (id, is_availability, user_profile_id) VALUES (23,'\0',38);
INSERT INTO faculty (id, is_availability, user_profile_id) VALUES (24,'\0',35);



INSERT INTO faculty_course (faculty_id, course_id) VALUES (11,7);
INSERT INTO faculty_course (faculty_id, course_id) VALUES (14,6);
INSERT INTO faculty_course (faculty_id, course_id) VALUES (9,1);
INSERT INTO faculty_course (faculty_id, course_id) VALUES (9,2);
INSERT INTO faculty_course (faculty_id, course_id) VALUES (9,3);
INSERT INTO faculty_course (faculty_id, course_id) VALUES (10,1);
INSERT INTO faculty_course (faculty_id, course_id) VALUES (10,2);
INSERT INTO faculty_course (faculty_id, course_id) VALUES (10,4);
INSERT INTO faculty_course (faculty_id, course_id) VALUES (12,1);
INSERT INTO faculty_course (faculty_id, course_id) VALUES (12,2);
INSERT INTO faculty_course (faculty_id, course_id) VALUES (12,8);
INSERT INTO faculty_course (faculty_id, course_id) VALUES (12,9);
INSERT INTO faculty_course (faculty_id, course_id) VALUES (16,1);
INSERT INTO faculty_course (faculty_id, course_id) VALUES (16,2);
INSERT INTO faculty_course (faculty_id, course_id) VALUES (16,4);
INSERT INTO faculty_course (faculty_id, course_id) VALUES (20,1);
INSERT INTO faculty_course (faculty_id, course_id) VALUES (20,2);
INSERT INTO faculty_course (faculty_id, course_id) VALUES (20,8);
INSERT INTO faculty_course (faculty_id, course_id) VALUES (20,9);
INSERT INTO faculty_course (faculty_id, course_id) VALUES (20,10);
INSERT INTO faculty_course (faculty_id, course_id) VALUES (17,1);
INSERT INTO faculty_course (faculty_id, course_id) VALUES (17,2);
INSERT INTO faculty_course (faculty_id, course_id) VALUES (17,8);
INSERT INTO faculty_course (faculty_id, course_id) VALUES (21,1);
INSERT INTO faculty_course (faculty_id, course_id) VALUES (21,2);
INSERT INTO faculty_course (faculty_id, course_id) VALUES (21,3);
INSERT INTO faculty_course (faculty_id, course_id) VALUES (21,6);
INSERT INTO faculty_course (faculty_id, course_id) VALUES (21,11);
INSERT INTO faculty_course (faculty_id, course_id) VALUES (22,6);
INSERT INTO faculty_course (faculty_id, course_id) VALUES (22,7);
INSERT INTO faculty_course (faculty_id, course_id) VALUES (22,8);
INSERT INTO faculty_course (faculty_id, course_id) VALUES (22,9);
INSERT INTO faculty_course (faculty_id, course_id) VALUES (22,10);
INSERT INTO faculty_course (faculty_id, course_id) VALUES (24,1);
INSERT INTO faculty_course (faculty_id, course_id) VALUES (24,2);
INSERT INTO faculty_course (faculty_id, course_id) VALUES (24,3);
INSERT INTO faculty_course (faculty_id, course_id) VALUES (24,4);
INSERT INTO faculty_course (faculty_id, course_id) VALUES (24,6);
INSERT INTO faculty_course (faculty_id, course_id) VALUES (24,11);
INSERT INTO faculty_course (faculty_id, course_id) VALUES (18,1);
INSERT INTO faculty_course (faculty_id, course_id) VALUES (18,2);
INSERT INTO faculty_course (faculty_id, course_id) VALUES (18,4);
INSERT INTO faculty_course (faculty_id, course_id) VALUES (18,6);
INSERT INTO faculty_course (faculty_id, course_id) VALUES (18,9);
INSERT INTO faculty_course (faculty_id, course_id) VALUES (19,1);
INSERT INTO faculty_course (faculty_id, course_id) VALUES (19,2);
INSERT INTO faculty_course (faculty_id, course_id) VALUES (19,3);
INSERT INTO faculty_course (faculty_id, course_id) VALUES (19,4);
INSERT INTO faculty_course (faculty_id, course_id) VALUES (23,1);
INSERT INTO faculty_course (faculty_id, course_id) VALUES (23,2);
INSERT INTO faculty_course (faculty_id, course_id) VALUES (23,4);
INSERT INTO faculty_course (faculty_id, course_id) VALUES (23,6);
INSERT INTO faculty_course (faculty_id, course_id) VALUES (23,8);
INSERT INTO faculty_course (faculty_id, course_id) VALUES (23,9);
INSERT INTO faculty_course (faculty_id, course_id) VALUES (23,10);
INSERT INTO faculty_course (faculty_id, course_id) VALUES (7,1);
INSERT INTO faculty_course (faculty_id, course_id) VALUES (7,2);
INSERT INTO faculty_course (faculty_id, course_id) VALUES (7,4);
INSERT INTO faculty_course (faculty_id, course_id) VALUES (7,6);
INSERT INTO faculty_course (faculty_id, course_id) VALUES (7,7);
INSERT INTO faculty_course (faculty_id, course_id) VALUES (7,8);
INSERT INTO faculty_course (faculty_id, course_id) VALUES (7,10);
INSERT INTO faculty_course (faculty_id, course_id) VALUES (7,11);



INSERT INTO faculty_specializations (faculty_id, specializations_id) VALUES (11,3);
INSERT INTO faculty_specializations (faculty_id, specializations_id) VALUES (14,2);
INSERT INTO faculty_specializations (faculty_id, specializations_id) VALUES (9,1);
INSERT INTO faculty_specializations (faculty_id, specializations_id) VALUES (10,1);
INSERT INTO faculty_specializations (faculty_id, specializations_id) VALUES (12,1);
INSERT INTO faculty_specializations (faculty_id, specializations_id) VALUES (20,1);
INSERT INTO faculty_specializations (faculty_id, specializations_id) VALUES (17,1);
INSERT INTO faculty_specializations (faculty_id, specializations_id) VALUES (21,1);
INSERT INTO faculty_specializations (faculty_id, specializations_id) VALUES (22,1);
INSERT INTO faculty_specializations (faculty_id, specializations_id) VALUES (24,1);
INSERT INTO faculty_specializations (faculty_id, specializations_id) VALUES (18,1);
INSERT INTO faculty_specializations (faculty_id, specializations_id) VALUES (19,1);
INSERT INTO faculty_specializations (faculty_id, specializations_id) VALUES (23,1);
INSERT INTO faculty_specializations (faculty_id, specializations_id) VALUES (7,1);


